Fold,Accuracy,Recall,Specificity,F1,AUC
1,0.5555555555555556,1.0,0.0,0.7142857142857143,0.5
2,0.3333333333333333,0.0,1.0,0.0,0.5
3,0.5555555555555556,0.0,1.0,0.0,0.5
4,0.5,1.0,0.0,0.6666666666666666,0.5
5,0.5,0.0,1.0,0.0,0.5
6,0.375,0.0,1.0,0.0,0.5
7,0.625,1.0,0.0,0.7692307692307693,0.5
8,0.5,1.0,0.0,0.6666666666666666,0.5
9,0.625,1.0,0.0,0.7692307692307693,0.5
10,0.625,1.0,0.0,0.7692307692307693,0.5
