,Specificity,Sensitivity,Accuracy
0,0.7581926514399205,0.8814389101745423,0.8444576877234803
