,Specificity,Sensitivity,Accuracy
0,0.7777777777777778,0.9523809523809523,0.9
